Road,FirstLetter,Duty,Zone,Notes
ABELYN AVENUE,A,T61,T61,
ADDINGTON ROAD,A,16,16,
ADELAIDE DRIVE,A,Z10,Z10,
ADISHAM GREEN,A,29,29,
AGATE COURT,A,32,32,
ALBANY ROAD,A,16,16,
ALEXANDRA CLOSE,A,26,26,
ALL SAINTS ROAD,A,1,1,
ALLENBY WALK,A,21,21,
AMBER RISE,A,34,34,
AMBLESIDE,A,3,3,
AMETHYST DRIVE,A,32,32,
ANATASE CLOSE,A,34,34,
ANDREWS WALK,A,21,21,
ANSELM CLOSE,A,16,16,
APOLLO CLOSE,A,U070,U070,
APPLEGARTH ROAD,A,25,25,
ARCHER COURT,A,31,31,
ARGENT WAY,A,34,34,
ARTHUR STREET,A,9,9,
ARUNDEL AVENUE,A,8,8,
ASHINGTON CLOSE,A,21,21,
ASHMEADS RISE,A,17,17,
ATTLEE WAY,A,27,27,
AUBRETIA WALK,A,9,9,
AUCKLAND DRIVE,A,Z10,Z10,
AUSTIN CLOSE,A,28,28,
AVENUE OF REMEMBRANCE - 4DD 4DE,A,9,9,
AVENUE OF REMEMBRANCE - 4DB 4DN 4NN,A,U068,U068,
AYLEWYN GREEN,A,29,29,
BADGER EDGE,B,43,43,
BALAS DRIVE,B,34,34,
BALE GROVE,B,30,30,
BALMORAL TERRACE,B,Z10,Z10,
BAPCHILD AVENUE,B,43,43,
BARGE WAY,B,U070,U070,
BARKERS COURT,B,Z10,Z10,
BARKERS END,B,T61,T61,
BARLEY WAY,B,25,25,
BARN CLOSE,B,19,19,
BARNFIELDS COURT,B,T61,T61,
BARROW GROVE,B,16,16,
BASSETT ROAD,B,16,16,
BAYFORD ROAD,B,59,59,
BEACONSFIELD ROAD,B,3,3,
BEAUVOIR DRIVE,B,28,28,
BECKER WAY,B,25,25,
BEECHWOOD AVENUE,B,25,25,
BELL ROAD ,B,45,45,
BELL ROAD ,B,T33,T33,
BELL ROAD - 4DP 4DS 4DU 4DX 4EA 4EB 4ED 4EF,B,Z18,Z18,
BELL ROAD - 4DW 4RW,B,9,9,
BELL ROAD - 4EE 4HE 4HG,B,12,12,
BELMONT ROAD,B,12,12,
BERGAMOT CLOSE,B,36,36,
BERKELEY COURT,B,16,16,
BINGHAM ROAD,B,U069,U069,
BISMUTH DRIVE,B,32,32,
BLACKBIRD MEWS,B,43,43,
BLANDFORD GARDENS,B,12,12,
BLAXLAND GRANGE,B,53,53,
BLEINHAM PLACE,B,17,17,
BLENHEIM ROAD,B,4,4,
BLOSSOM STREET,B,43,43,
BLUE TOWN,B,45,45,
BLUEBELL DRIVE,B,36,36,
BLUEBELL LANE,B,43,43,
BLYTHE CLOSE,B,2,2,
BOND ROAD,B,22,22,
BORDEN LANE - 1DA 1DG,B,19,19,
BORDEN LANE - EVERYTHING EXCEPT THE ABOVE,B,Z10,Z10,
BOURNE GROVE,B,21,21,
BOWATER CLOSE,B,23,23,
BOYCES HILL,B,19,19,
BRACKEN COURT,B,1,1,
BRADLEY DRIVE,B,12,12,
BRAEBURN LANE,B,17,17,
BRAMBLE DOWN PLACE,B,11,11,
BRAMBLEFIELD LANE,B,35,35,
BRENCHLEY ROAD - FULSTON MANOR SCHOOL,B,45,45,
BRENCHLEY ROAD - EVERYTHING EXCEPT THE ABOVE,B,36,36,
BREWERY ROAD,B,U070,U070,
BRICKFIELDS GARDENS,B,43,43,
BRIER ROAD,B,17,17,
BRISBANE AVENUE,B,Z10,Z10,
BRISTOL CLOSE,B,22,22,
BRITANNIA CLOSE,B,26,26,
BROOM ROAD - 3QD,B,2,2,
BROOM ROAD - EVERYTHING EXCEPT THE ABOVE,B,1,1,
BRUGES COURT,B,30,30,
BURKESTON CLOSE,B,28,28,
BURLEY ROAD,B,16,16,
BURNHAM CLOSE,B,26,26,
BURNUP BANK,B,2,2,
CAITHORPE CLOSE,C,U068,U068,
CALDEW GROVE,C,35,35,
CAMBRIA CRESCENT,C,U068,U068,
CAMBRIDGE ROAD,C,6,6,
CAMEO MEWS,C,17,17,
CANBERRA GARDENS,C,Z10,Z10,
CANTERBURY ROAD - 4JE,C,9,9,
CANTERBURY ROAD - EVERYTHING EXCEPT THE ABOVE,C,35,35,
CAPEL ROAD,C,Z18,Z18,
CARDINE CLOSE,C,26,26,
CARNATION CRESCENT,C,36,36,
CASTLE ROAD,C,U069,U069,
CASTLEROUGH LANE,C,30,30,
CAVELL WAY,C,20,20,
CEDAR CLOSE,C,6,6,
CELT CLOSE,C,35,35,
CENTRAL AVENUE - 4NU,C,U068,U068,
CENTRAL AVENUE - EVERYTHING EXCEPT THE ABOVE,C,9,9,
CHALKWELL ROAD - ME10 2,C,23,23,
CHALKWELL ROAD - ME10 1,C,Z10,Z10,
CHALLENGER CLOSE,C,26,26,
CHANTRY CROFT,C,24,24,
CHAPPELL WAY,C,25,25,
CHARLOTTE STREET,C,23,23,
CHARTWELL GROVE,C,16,16,
CHATSWORTH DRIVE,C,20,20,
CHAUCER ROAD,C,13,13,
CHEGWORTH GARDENS,C,11,11,
CHERRY CLOSE,C,25,25,
CHERRY MEWS,C,25,25,
CHERRY TREE AVENUE,C,43,43,
CHERRYFIELDS,C,24,24,
CHESTNUT LANE,C,25,25,
CHEYNE CLOSE,C,29,29,
CHILTON AVENUE,C,T33,T33,
CHURCH MARSHES,C,U068,U068,
CHURCH ROAD - 3RS 3SB,C,U069,U069,
CHURCH ROAD - 3NL,C,T61,T61,
CHURCH ROAD - 3RE 3RT 3RU 3TY,C,1,1,
CHURCH STREET - 2FX 2GX 2JZ,C,23,23,
CHURCH STREET - 2WZ 3EG,C,U068,U068,
CHURCH STREET - PERIWINKLE COURT,C,U070,U070,
CINNABAR DRIVE,C,34,34,
CLARENDON CLOSE,C,8,8,
CLEMENT CLOSE,C,29,29,
CLERKE DRIVE,C,28,28,
CLIFFORD CRESCENT,C,T61,T61,
CLIVE ROAD,C,21,21,
CLOVER COURT,C,1,1,
COBHAM AVENUE,C,8,8,
COLDHARBOUR LANE,C,30,30,
COLE CLOSE,C,U068,U068,
COLEMAN DRIVE,C,30,30,
COLFE WAY,C,28,28,
COLLEGE ROAD,C,16,16,
COLLINGWOOD WALK,C,21,21,
COMMONWEALTH CLOSE,C,35,35,
CONNAUGHT ROAD,C,12,12,
CONQUEROR COURT,C,22,22,
COOKS LANE,C,U070,U070,
COOMBE DRIVE,C,3,3,
COPPER BEECH CLOSE,C,Z10,Z10,
COPPINS LANE,C,19,19,
CORNFIELD CLOSE,C,25,25,
CORTLAND CLOSE,C,23,23,
CORTLANDS MEWS,C,23,23,
COTTON ROAD,C,22,22,
COUNTRY PARK WAY,C,U070,U070,
COURT ROAD,C,27,27,
COWPER ROAD,C,35,35,
CRANBROOK DRIVE,C,11,11,
CREMERS ROAD,C,U069,U069,
CRICKETERS CLOSE,C,30,30,
CROCUS DRIVE,C,36,36,
CROFT AVENUE,C,T61,T61,
CROMERS ROAD,C,12,12,
CROSS LANE,C,U070,U070,
CROSSWAYS,C,36,36,
CROWN QUAY LANE - 3HX 3JB 3JN 3JQ 3SL 3ST,C,U069,U069,
CROWN QUAY LANE - 3HN 3HU 3HY 3HZ 2UB,C,U068,U068,
CROWN ROAD,C,23,23,
CRYALLS LANE - ,C,24,24,
DAISY WALK,D,36,36,
DALEWOOD,D,59,59,
DANES MEAD,D,35,35,
DEAN ROAD,D,25,25,
DEANE CLOSE,D,T61,T61,
DEBNAM GROVE,D,T61,T61,
DENBIGH CLOSE,D,27,27,
DENHAM ROAD,D,53,53,
DENTAL CLOSE,D,24,24,
DERBY CLOSE,D,25,25,
DIAMOND CLOSE,D,32,32,
DIANA CLOSE,D,U070,U070,
DICKSON COURT,D,2,2,
DILIGENT DRIVE,D,26,26,
DOBBIE CLOSE,D,27,27,
DOLPHIN ROAD,D,1,1,
DONEMOWE DRIVE,D,29,29,
DOVER STREET,D,U068,U068,
DOWNS CLOSE,D,13,13,
DUNEDIN CLOSE,D,Z10,Z10,
DYNGLEY CLOSE,D,27,27,
EADRED WAY,E,28,28,
EAGLES CLOSE,E,1,1,
EAST GREEN,E,30,30,
EAST HALL CLOSE,E,2,2,
EAST HALL LANE,E,2,2,
EAST HALL WALK,E,T61,T61,
EAST STREET - 3HT SWALE BOROUGH COUNCIL,E,U068,U068,
EAST STREET - 4BW,E,6,6,
EAST STREET - EVERYTHING EXCEPT THE ABOVE,E,9,9,
EASTON DRIVE,E,T61,T61,
EASTWOOD ROAD,E,20,20,
ECLIPSE DRIVE,E,26,26,
EDWARD DRIVE,E,31,31,
EDYNGHAM CLOSE,E,28,28,
ELEANOR DRIVE,E,35,35,
ELM GROVE,E,4,4,
EMERALD CRESCENT,E,32,32,
EPPS ROAD,E,13,13,
ESTHER COURT,E,26,26,
EUROLINK BUSINESS PARK,E,U069,U069,
EUROLINK WAY ,E,U068,U068,
EUROLINK WAY 1,E,U069,U069,
EVEAS DRIVE,E,T61,T61,
EVELINA WAY,E,17,17,
FAIRLAKE VIEW,F,T61,T61,
FAIRLEAS,F,4,4,
FAIRSERVICE CLOSE,F,2,2,
FAIRVIEW ROAD,F,9,9,
FALLOWFIELD,F,59,59,
FARM CRESCENT,F,4,4,
FARMHOUSE DRIVE,F,25,25,
FEATHERBED LANE,F,31,31,
FELDSPAR CLOSE,F,34,34,
FERN WALK - 3QS,F,2,2,
FERN WALK - EVERYTHING EXCEPT THE ABOVE,F,1,1,
FIELDER CLOSE,F,2,2,
FIRE OPAL WAY,F,32,32,
FLANDERS CLOSE,F,30,30,
FLEET END,F,U070,U070,
FLINT CLOSE,F,35,35,
FORGE ROAD,F,27,27,
FOX HILL,F,35,35,
FOXGROVE,F,26,26,
FREDERICK STREET,F,9,9,
FREEMAN DRIVE,F,T61,T61,
FROBISHER CLOSE,F,27,27,
FRUITERERS CLOSE,F,45,45,
FULSTON PLACE,F,T33,T33,
GADBY ROAD - 1TD 1TF 1TJ 1TQ,G,20,20,
GADBY ROAD - 1TH 1TL 1PY,G,21,21,
GAINSBOROUGH CLOSE,G,20,20,
GALENA CLOSE,G,22,22,
GAS ROAD ,G,U068,U068,
GAS ROAD (MURSTON) ,G,U069,U069,
GAYHURST DRIVE,G,21,21,
GAZE HILL AVENUE,G,35,35,
GENESTA CLOSE,G,26,26,
GEORGE WALK,G,31,31,
GERRARDS DRIVE,G,8,8,
GIBBONS ROAD,G,21,21,
GIBSON STREET,G,9,9,
GLADSTONE DRIVE,G,3,3,
GLEBE LANE,G,6,6,
GLENBROOK GROVE,G,27,27,
GLOVER CLOSE,G,30,30,
GODWIN CLOSE,G,35,35,
GOODNESTONE ROAD,G,6,6,
GORDON CLOSE,G,3,3,
GORE COURT ROAD,G,12,12,
GOSSY HILL ROAD,G,45,45,
GRAYLING COURT,G,16,16,
GRAYSHOTT CLOSE,G,4,4,
GREAT EASTHALL WAY,G,T61,T61,
GREEN PORCH CLOSE,G,U070,U070,
GREENLEES CLOSE,G,17,17,
GREENSLEAVES AVENUE,G,17,17,
GREENWAYS,G,6,6,
GREGORY CLOSE,G,29,29,
GROVE PARK AVENUE,G,24,24,
GROVEHURST AVENUE,G,30,30,
GROVEHURST ROAD - 2ST 2TA,G,31,31,
GROVEHURST ROAD - 2RG,G,30,30,
GROVEHURST ROAD - 2ST - CLINIC PHARMACY SURGERY ONLY,G,U070,U070,
GROVEHURST ROAD - 2RA 2RB 2RE,G,29,29,
HADDON CLOSE,H,23,23,
HAFFENDEN AVENUE,H,T61,T61,
HALES ROAD,H,11,11,
HALL CLOSE,H,U070,U070,
HAMBROOK WALK,H,29,29,
HAMILTON CRESCENT,H,Z10,Z10,
HANOVER CLOSE,H,Z18,Z18,
HARGRAVES ROAD,H,T61,T61,
HARKNESS COURT,H,2,2,
HARMONY CLOSE,H,13,13,
HAROLD ROAD,H,6,6,
HARPER WAY,H,T61,T61,
HARRIER DRIVE,H,59,59,
HARRIS GARDENS,H,2,2,
HARVEY DRIVE,H,59,59,
HAWKINS CLOSE,H,27,27,
HAWTHORN ROAD,H,9,9,
HAYSEL,H,4,4,
HAZELWOOD DRIVE,H,43,43,
HEARD WAY,H,U069,U069,
HEARNE CLOSE,H,2,2,
HEARTS DELIGHT,H,19,19,
HEARTS DELIGHT ROAD,H,19,19,
HEATHER CLOSE,H,9,9,
HELIDOR WALK 1-10 12 14,H,32,32,
HELIDOR WALK - 11-21 ODD 16-24 EVEN,H,34,34,
HENSHAWS VALE,H,U068,U068,
HEVER PLACE,H,16,16,
HIGH STREET - 2AR 2AT (131 & 133 ONLY) 2BB 2FY,H,27,27,
HIGH STREET - 2AB 2AD 2AE 2AF 2AG 2AN 2AR 2AS,H,23,23,
HIGH STREET - ME10 4,H,9,9,
HIGHSTED ROAD - HIGHSTED GRAMMER SCHOOL,H,45,45,
HIGHSTED ROAD - 4QH,H,4,4,
HIGHSTED VALLEY,H,45,45,
HILDESLEY CLOSE,H,T61,T61,
HILL BROW,H,13,13,
HILL FARM VIEW,H,19,19,
HILTON DRIVE,H,21,21,
HINDE CLOSE,H,27,27,
HOBART GARDENS,H,Z10,Z10,
HOME VIEW,H,1,1,
HOME VIEW TERRACE,H,1,1,
HOMEWOOD AVENUE,H,16,16,
HONESTY CLOSE,H,36,36,
HONEYSUCKLE COURT,H,1,1,
HOP GARDEN CRESCENT,H,19,19,
HOUSSON AVENUE,H,T61,T61,
HOWARD AVENUE,H,25,25,
HUGH PRICE CLOSE,H,1,1,
HURST LANE,H,35,35,
HUTCHINGS CLOSE,H,2,2,
HYTHE ROAD,H,20,20,
INGLEDEN CLOSE,I,29,29,
INVICTA COURT,I,26,26,
IRIS DRIVE,I,36,36,
JACINTH DRIVE - 2 ONLY,J,34,34,
JACINTH DRIVE - EVERYTHING EXCEPT THE ABOVE,J,32,32,
JADE CLOSE,J,22,22,
JESSICA MEWS,J,26,26,
JOHNSON ROAD,J,16,16,
JUBILEE STREET,J,23,23,
JUNO ROAD,J,U070,U070,
JUPITER ROAD,J,U070,U070,
KEMSLEY MILL,K,U070,U070,
KENILWORTH COURT,K,20,20,
KENT AVENUE,K,13,13,
KESTREL CLOSE,K,4,4,
KESWICK AVENUE,K,3,3,
KEY STREET,K,17,17,
KEYCOL HILL,K,19,19,
KILN CLOSE,K,T33,T33,
KINGSMILL CLOSE,K,23,23,
KNIGHTSFIELD ROAD,K,22,22,
LABURNUM PLACE,L,9,9,
LADYFIELDS CLOSE,L,19,19,
LAMMAS DRIVE,L,23,23,
LANCE CLOSE,L,35,35,
LANGLEY ROAD,L,U070,U070,
LANSDOWN ROAD,L,3,3,
LARKFIELD AVENUE,L,25,25,
LAVENDER COURT,L,9,9,
LAXTON WAY,L,25,25,
LAXTONS CRESCENT,L,17,17,
LEDGER CLOSE,L,22,22,
LEIGH ROAD,L,T61,T61,
LIEGE CLOSE,L,30,30,
LILY WALK,L,36,36,
LIME GROVE,L,U068,U068,
LIMEHOUSE COURT,L,T61,T61,
LIMELIGHT LANE,L,17,17,
LINACRE WAY,L,19,19,
LINDEN CLOSE,L,16,16,
LLOYD DRIVE,L,31,31,
LONDON ROAD - RHODE HOUSE SERVICE STATION ONLY,L,20,20,
LONDON ROAD - 1FH 1SX,L,U068,U068,
LONDON ROAD - 1FL 1NA 1ND 1NF 1NJ 1NL 1NQ 1NS (74&76 ONLY),L,Z10,Z10,
LONDON ROAD - 1NR 1QR,L,24,24,
LONDON ROAD - 1FF 1NS 1PA 1PW 1QA 1QB,L,21,21,
LONGRIDGE,L,4,4,
LONSDALE DRIVE,L,20,20,
LORD NELSON ROAD,L,U070,U070,
LORIMAR COURT,L,34,34,
LUCKHURST CLOSE,L,24,24,
LUSHINGTON MEWS,L,U068,U068,
LYDBROOK CLOSE,L,24,24,
LYNDHURST GROVE,L,13,13,
LYWOOD DRIVE,L,23,23,
MAKIN DRIVE,M,T61,T61,
MALLARD GREEN,M,43,43,
MANILA AVENUE,M,22,22,
MANISTY COURT,M,31,31,
MANOR GROVE,M,16,16,
MANTLE CLOSE,M,U069,U069,
MANWOOD CLOSE,M,8,8,
MAPLE GROVE,M,43,43,
MARIGOLD DRIVE,M,36,36,
MARIUS CLOSE,M,U068,U068,
MARJORAM DRIVE,M,36,36,
MARS CLOSE,M,U070,U070,
MARSH RISE,M,28,28,
MARTIN COURT,M,31,31,
MAYLAM GARDENS,M,17,17,
MCCUDDEN MEWS,M,29,29,
MEADOWSWEET WALK,M,36,36,
MEADS AVENUE,M,22,22,
MEDWAY CLOSE,M,16,16,
MEERES COURT LANE,M,2,2,
MELLOR ROW,M,30,30,
MENIN ROAD,M,30,30,
MERCURY CLOSE,M,U070,U070,
MERIDIAN PLACE,M,17,17,
MERLEBURGH DRIVE,M,29,29,
MERLIN CLOSE,M,T33,T33,
MERTON DRIVE,M,19,19,
METEOR CLOSE,M,35,35,
MICKETTS GARDENS,M,17,17,
MIDDLETUNE AVENUE,M,27,27,
MIDDLEWAY,M,6,6,
MILBOURNE GROVE,M,27,27,
MILL VIEW,M,43,43,
MILL WAY - 2GZ 2XD 3ET,M,U068,U068,
MILL WAY - 2PD 2PT 2WR,M,U070,U070,
MILLEN ROAD,M,U068,U068,
MILLER CLOSE,M,28,28,
MILLFIELD,M,T33,T33,
MILTON ROAD,M,U068,U068,
MINERVA CLOSE,M,U070,U070,
MINTERNE AVENUE,M,13,13,
MONARCH DRIVE,M,31,31,
MONS COURT,M,30,30,
MOONFLEET CLOSE,M,30,30,
MOONSTONE SQUARE,M,32,32,
MOUNTVIEW,M,19,19,
MUDDY LANE,M,4,4,
MULBERRY WAY,M,T61,T61,
MURSTON ROAD,M,2,2,
MUSGRAVE ROAD,M,U070,U070,
NAPIER CLOSE,N,Z10,Z10,
NATIVITY CLOSE,N,16,16,
NELSON WALK,N,21,21,
NEPTUNE CLOSE,N,U070,U070,
NEWBRIDGE AVENUE,N,27,27,
NEWLANDS AVENUE,N,21,21,
NEWMAN DRIVE,N,29,29,
NORTH STREET,N,27,27,
NORTHWOOD DRIVE,N,8,8,
NORWOOD WALK,N,21,21,
NUTFIELDS,N,6,6,
OAK ROAD,O,2,2,
OAKWOOD DRIVE,O,43,43,
OAST COURT,O,Z18,Z18,
OLD MAIDSTONE ROAD,O,19,19,
OLIVINE CLOSE,O,22,22,
ONYX DRIVE,O,32,32,
ORCHARD CLOSE,O,U068,U068,
ORCHARD PLACE,O,T33,T33,
OSPREY COURT,O,T33,T33,
OSTEND COURT,O,30,30,
OYSTER CLOSE,O,U070,U070,
PALMERSTON WALK,P,3,3,
PAPYRUS DRIVE,P,22,22,
PARCHMENT DRIVE,P,22,22,
PARK AVENUE,P,12,12,
PARK DRIVE,P,11,11,
PARK ROAD - 1DR 1DY 1DZ 1EQ 1EW,P,12,12,
PARK ROAD - 1EP 1ER 1ES,P,13,13,
PARRETT AVENUE,P,U068,U068,
PASTIME CLOSE,P,26,26,
PAVILION DRIVE,P,30,30,
PEAR TREE ALLEY,P,23,23,
PEAR TREE ORCHARD,P,43,43,
PEARL WALK,P,22,22,
PEEL DRIVE,P,3,3,
PEMBURY COURT,P,9,9,
PEMBURY STREET ,P,9,9,
PEMBURY STREET 55,P,U068,U068,
PENN CLOSE,P,4,4,
PEONY CRESCENT,P,36,36,
PEREGRINE DRIVE - 4UN ,P,T33,T33,
PEREGRINE DRIVE - EVERYTHING EXCEPT THE ABOVE,P,59,59,
PERIDOT WALK,P,34,34,
PERIWINKLE CLOSE,P,23,23,
PERTH GARDENS,P,Z10,Z10,
PHILLIPPA COURT,P,26,26,
PINECREST AVENUE,P,43,43,
PIPPIN CLOSE,P,25,25,
PIPPIN END,P,43,43,
PLATINUM WAY,P,17,17,
PLUMMER CRESCENT,P,T61,T61,
PLUTO CLOSE,P,U070,U070,
POND DRIVE,P,4,4,
PORCELAIN CLOSE,P,22,22,
PORTLAND AVENUE,P,1,1,
POULSEN COURT,P,2,2,
PREMIER WAY,P,31,31,
PRENTIS CLOSE,P,20,20,
PRIMROSE AVENUE,P,36,36,
PRIMROSE CLOSE,P,43,43,
PRINCE CHARLES AVENUE,P,6,6,
PUTTNEY DRIVE,P,29,29,
QUADRILLE AVENUE,Q,22,22,
QUARTZ WAY 1-57 911,Q,34,34,
QUARTZ WAY - EVERYTHING EXCEPT THE ABOVE,Q,32,32,
QUICKSTEP CLOSE,Q,35,35,
QUINTON ROAD,Q,22,22,
RAITE GREEN,R,32,32,
RAPSON END,R,U068,U068,
REALGAR COURT,R,32,32,
REAMS WAY - 72 - 82 EVEN ONLY,R,30,30,
REAMS WAY - EVERYTHING EXCEPT THE ABOVE,R,31,31,
RECREATION WAY - 2RD,R,30,30,
RECREATION WAY - 2TG 2UJ,R,28,28,
RECTORY ROAD,R,6,6,
REDGROVE AVENUE,R,23,23,
REGENCY COURT,R,Z10,Z10,
REGIS CRESCENT,R,27,27,
REGIS PLACE,R,27,27,
RETTENDON DRIVE,R,35,35,
RICHMOND DRIVE,R,26,26,
RIDHAM AVENUE,R,30,30,
RIDHAM DOCK,R,U070,U070,
RIVERHEAD CLOSE,R,16,16,
ROBERTS CLOSE,R,27,27,
ROBERTSON DRIVE,R,U068,U068,
ROCK ROAD,R,13,13,
ROLVENDEN DRIVE,R,20,20,
ROMAN GROVE,R,43,43,
ROMAN SQUARE - 4BJ,R,9,9,
ROMAN SQUARE - JOB CENTRE ONLY,R,U068,U068,
ROMNEY COURT,R,23,23,
ROOK LANE,R,19,19,
ROOKS VIEW,R,19,19,
ROONAGH COURT,R,13,13,
ROSE WALK,R,36,36,
ROSEBERY CLOSE,R,3,3,
ROSELEIGH ROAD,R,13,13,
ROSEWOOD PLACE,R,6,6,
RUBENS CLOSE,R,17,17,
RUBY CLOSE,R,32,32,
RUINS BARN ROAD,R,12,12,
RUSSELL CLOSE,R,Z10,Z10,
SAFFRON WAY,S,U070,U070,
SALISBURY CLOSE,S,3,3,
SAMUEL DRIVE,S,31,31,
SANDFORD ROAD,S,21,21,
SANDSTONE DRIVE,S,35,35,
SAPPHIRE CLOSE,S,34,34,
SATIS AVENUE,S,26,26,
SAXON SHORE,S,28,28,
SCHOOL ROAD,S,35,35,
SEDDINGBOURNE WAY,S,U068,U068,
SHAKESPEARE ROAD,S,59,59,
SHORT RISE,S,T61,T61,
SHORTLANDS ROAD,S,6,6,
SHURLAND AVENUE,S,8,8,
SILVERDALE GROVE,S,16,16,
SIMPSON ROAD,S,21,21,
SMEED CLOSE,S,1,1,
SNOWDROP WALK,S,36,36,
SOMERSET CLOSE,S,24,24,
SONORA WAY - 2-10 EVEN,S,22,22,
SONORA WAY - EVERYTHING EXCEPT THE ABOVE,S,34,34,
SOUTH AVENUE,S,T33,T33,
SPARTAN ROAD,S,17,17,
SPINEL CLOSE - 1-2 OPAL HOUSE ONLY,S,32,32,
SPINEL CLOSE - EVERYTHING EXCEPT THE ABOVE,S,22,22,
SPRING DRIVE,S,43,43,
SPRING GROVE,S,43,43,
SPRING WOOD PARK,S,U068,U068,
SPRINGFIELD ROAD,S,20,20,
SPROTSHILL CLOSE,S,27,27,
ST. BARTHOLOMEWS DRIVE,S,27,27,
ST. JOHNS AVENUE,S,6,6,
ST. MICHAELS CLOSE,S,U068,U068,
ST. MICHAELS ROAD - 3JY ONLY,S,9,9,
ST. MICHAELS ROAD - EVERYTHING EXCEPT THE ABOVE,S,U068,U068,
ST. PAULS STREET - BP ONLY,S,U068,U068,
ST. PAULS STREET - EVERYTHING EXCEPT THE ABOVE,S,23,23,
STADIUM WAY,S,U069,U069,
STANDEN GROVE,S,T61,T61,
STANHOPE AVENUE,S,59,59,
STAPLE CLOSE,S,Z18,Z18,
STAPLEHURST ROAD - 2NX 2NY,S,23,23,
STAPLEHURST ROAD - 1QZ 1XP 2NH,S,U068,U068,
STAPLEHURST ROAD - 1SX 2LX 2NN 2NW 2NY (59 HYTHE HOUSE ONLY),S,20,20,
STARVEACRE LANE,S,19,19,
STATION STREET - 3DU 3ED,S,9,9,
STATION STREET - 3LF 3DU (35 ONLY) 3ED (37 ONLY),S,U068,U068,
STEDE AVENUE,S,T61,T61,
STEP STYLE,S,4,4,
STERLING ROAD,S,11,11,
STURMER WAY,S,17,17,
STYLES CLOSE,S,U069,U069,
SUNNYBANK,S,1,1,
SUNSET STREET,S,17,17,
SUNSTONE DRIVE,S,34,34,
SWALE WAY - 3NH 3SS,S,T61,T61,
SWALE WAY - 2FF 2UR,S,U070,U070,
SWAN CLOSE,S,1,1,
SWANSTREE AVENUE - 4LG 4NL 4NW,S,3,3,
SWANSTREE AVENUE - 4LF,S,4,4,
SYDNEY AVENUE,S,Z10,Z10,
SYMONDS DRIVE,S,T61,T61,
TAILLOUR CLOSE,T,29,29,
TAVISTOCK CLOSE,T,16,16,
TEMPLE GARDENS,T,6,6,
TERRACE ROAD,T,35,35,
THE BURRS,T,T33,T33,
THE BUTTS,T,U068,U068,
THE CRESCENT - 2SA,T,30,30,
THE CRESCENT - EVERYTHING EXCEPT THE ABOVE,T,43,43,
THE FAIRWAY,T,8,8,
THE FIELDINGS - 1-7,T,Z18,Z18,
THE FIELDINGS - 8 ONLY,T,12,12,
THE FINCHES,T,4,4,
THE FORUM,T,9,9,
THE MEADOWS,T,8,8,
THE ROUNDEL,T,8,8,
THE WALL,T,U068,U068,
THE WILLOWS,T,30,30,
THISTLE WALK,T,1,1,
THOMAS ROAD,T,35,35,
THORN WALK,T,2,2,
TODD CRESCENT,T,28,28,
TONGE ROAD,T,1,1,
TOPAZ DRIVE,T,32,32,
TOURMALINE DRIVE,T,34,34,
TRIBUNE DRIVE,T,U070,U070,
TRINITY ROAD,T,27,27,
TRONA COURT,T,32,32,
TROTTS HALL GARDENS,T,Z18,Z18,
TROYA AVENUE,T,22,22,
TULIP WALK,T,36,36,
TUNSTALL ROAD,T,12,12,
TURNER CLOSE,T,29,29,
TYLDEN GARDENS,T,U068,U068,
UFTON LANE,U,13,13,
UNITY STREET,U,12,12,
UPPER FIELD ROAD,U,U069,U069,
VALENCIENNES ROAD,V,12,12,
VAUGHAN DRIVE,V,29,29,
VECTIS DRIVE,V,35,35,
VELLUM DRIVE - ASPIRE SCHOOL ONLY,V,32,32,
VELLUM DRIVE - ALL EXCEPT THE ABOVE,V,22,22,
VENUS CLOSE,V,U070,U070,
VICARAGE COURT,V,53,53,
VICARAGE ROAD,V,27,27,
VICTORIA ROAD,V,Z10,Z10,
VICTORIA TERRACE,V,16,16,
VINCENT ROAD,V,3,3,
VINERS CLOSE,V,8,8,
VIOLET COURT,V,36,36,
VOLANTE DRIVE,V,26,26,
VULCAN CLOSE,V,U070,U070,
WADHAM PLACE,W,6,6,
WALMER GARDENS,W,20,20,
WALNUT TREE DRIVE,W,24,24,
WALSBY DRIVE,W,28,28,
WARREN CLOSE,W,4,4,
WARWICK CRESCENT,W,20,20,
WATERCRESS ROAD,W,43,43,
WATERLOO ROAD,W,Z10,Z10,
WATLING DRIVE,W,19,19,
WATLING PLACE,W,T33,T33,
WATLING SQUARE,W,43,43,
WATSONS HILL,W,23,23,
WEALD COURT,W,13,13,
WELLINGTON ROAD,W,21,21,
WELLWINCH ROAD,W,Z10,Z10,
WENTWORTH DRIVE,W,21,21,
WEST GREEN,W,30,30,
WEST LANE - THE STUDIO ONLY,W,9,9,
WEST LANE - 3SR 3TA 3TT,W,U069,U069,
WEST LANE - 3AA 3BZ 3TU,W,6,6,
WEST RIDGE,W,13,13,
WEST STREET,W,9,9,
WESTERHAM ROAD,W,16,16,
WESTLANDS AVENUE,W,21,21,
WHEATCROFT CLOSE,W,2,2,
WHIMBREL CLOSE,W,35,35,
WHITE HART MEWS,W,23,23,
WHITEHALL ROAD,W,Z18,Z18,
WILD ASH CROFT,W,1,1,
WILLIAM STREET,W,9,9,
WINDERMERE GROVE,W,16,16,
WINDMILL ROAD,W,25,25,
WINDSOR DRIVE,W,13,13,
WINSTON AVENUE,W,17,17,
WISES LANE,W,17,17,
WOODBERRY DRIVE,W,3,3,
WOODCOURT CLOSE,W,12,12,
WOODLANDS ROAD,W,35,35,
WOODSIDE GARDENS,W,13,13,
WOODSTOCK ROAD,W,12,12,
WOOLLETT ROAD,W,21,21,
WORCESTER DRIVE,W,25,25,
WORMDALE HILL,W,49,49,
WOVE ROAD,W,22,22,
WRENS ROAD,W,19,19,
WYKEHAM ROAD,W,1,1,
WYVERN CLOSE,W,27,27,
YEATES DRIVE,Y,28,28,
YPRES DRIVE,Y,30,30,